Name,Gender,Age,City,Course,Marks
Ayesha Khan,Female,22,Pune,Python,85
Rahul Sharma,Male,23,Mumbai,Python,72
Sana Shaikh,Female,21,Satara,SQL,91
Azlan Khan,Male,22,Pune,SQL,65
Priya Deshmukh,Female,23,Mumbai,Python,78
Arman Khan,Male,21,Satara,Java,88
Neha Patil,Female,24,Pune,Web Development,76
Sameer Shaikh,Male,22,Mumbai,Data Science,69
Fatima Ansari,Female,20,Satara,Python,93
Rohan Jadhav,Male,23,Pune,Java,82
Zara Khan,Female,22,Mumbai,SQL,68
Aditya More,Male,21,Satara,Web Development,74
Isha Gupta,Female,24,Pune,Data Science,87
Vivek Singh,Male,22,Mumbai,Python,71
Alisha Qureshi,Female,21,Satara,Java,80
Kabir Khan,Male,23,Pune,SQL,66
Tanya Sharma,Female,22,Mumbai,Data Science,79
Sahil Pathan,Male,20,Satara,Python,90
Diya Patel,Female,21,Pune,Web Development,73
Mohit Verma,Male,24,Mumbai,Java,77
Sana Hussain,Female,22,Satara,SQL,84
Karan Yadav,Male,23,Pune,Data Science,70
Riya Nair,Female,21,Mumbai,Python,86
Imran Siddiqui,Male,22,Satara,Java,75
